Name,Description,Data File,MD5,SHA256,File size (bytes),S3 E-Tag (8MB multipart),S3 E-Tag (16MB multipart),S3 E-Tag (32MB multipart),S3 E-Tag (64MB multipart),S3 E-Tag (128MB multipart),S3 E-Tag Verified At,Format,flow_cell_id,format,index,lane,library_id,md5,name,read,resource_type,runsamplenum,sample_id
79804_LibID81901_HF7CKAFX2_CGGTTGTT-AGTGTTGG_L001_R1_001.fastq.gz,,https://data.bioplatforms.com/dataset/bpa-gap-illumina-shortread-81901-83650/resource/05f8335484e7092316ebc388229e24be/download/79804_LibID81901_HF7CKAFX2_CGGTTGTT-AGTGTTGG_L001_R1_001.fastq.gz,05f8335484e7092316ebc388229e24be,,726201,,,,,,,FASTQ,HF7CKAFX2,FASTQ,CGGTTGTT-AGTGTTGG,L001,81901,05f8335484e7092316ebc388229e24be,79804_LibID81901_HF7CKAFX2_CGGTTGTT-AGTGTTGG_L001_R1_001.fastq.gz,R1,gap-illumina-shortread,,102.100.100/79804
79804_LibID81901_HF7CKAFX2_CGGTTGTT-AGTGTTGG_L001_R2_001.fastq.gz,,https://data.bioplatforms.com/dataset/bpa-gap-illumina-shortread-81901-83650/resource/8c8cd3826c8ddad2e4482f939601d020/download/79804_LibID81901_HF7CKAFX2_CGGTTGTT-AGTGTTGG_L001_R2_001.fastq.gz,8c8cd3826c8ddad2e4482f939601d020,,749383,,,,,,,FASTQ,HF7CKAFX2,FASTQ,CGGTTGTT-AGTGTTGG,L001,81901,8c8cd3826c8ddad2e4482f939601d020,79804_LibID81901_HF7CKAFX2_CGGTTGTT-AGTGTTGG_L001_R2_001.fastq.gz,R2,gap-illumina-shortread,,102.100.100/79804
79804_LibID81901_HF7CKAFX2_CGGTTGTT-AGTGTTGG_L002_R1_001.fastq.gz,,https://data.bioplatforms.com/dataset/bpa-gap-illumina-shortread-81901-83650/resource/f880e4a2c1fb3227b0ba96186aa57f09/download/79804_LibID81901_HF7CKAFX2_CGGTTGTT-AGTGTTGG_L002_R1_001.fastq.gz,f880e4a2c1fb3227b0ba96186aa57f09,,726701,,,,,,,FASTQ,HF7CKAFX2,FASTQ,CGGTTGTT-AGTGTTGG,L002,81901,f880e4a2c1fb3227b0ba96186aa57f09,79804_LibID81901_HF7CKAFX2_CGGTTGTT-AGTGTTGG_L002_R1_001.fastq.gz,R1,gap-illumina-shortread,,102.100.100/79804
79804_LibID81901_HF7CKAFX2_CGGTTGTT-AGTGTTGG_L002_R2_001.fastq.gz,,https://data.bioplatforms.com/dataset/bpa-gap-illumina-shortread-81901-83650/resource/43c98a57faf59c3475ae59cf26488f72/download/79804_LibID81901_HF7CKAFX2_CGGTTGTT-AGTGTTGG_L002_R2_001.fastq.gz,43c98a57faf59c3475ae59cf26488f72,,758902,,,,,,,FASTQ,HF7CKAFX2,FASTQ,CGGTTGTT-AGTGTTGG,L002,81901,43c98a57faf59c3475ae59cf26488f72,79804_LibID81901_HF7CKAFX2_CGGTTGTT-AGTGTTGG_L002_R2_001.fastq.gz,R2,gap-illumina-shortread,,102.100.100/79804
79804_LibID81901_HF7CKAFX2_CGGTTGTT-AGTGTTGG_L003_R1_001.fastq.gz,,https://data.bioplatforms.com/dataset/bpa-gap-illumina-shortread-81901-83650/resource/cccbbc6a94c3c34b7b878f4f09bed260/download/79804_LibID81901_HF7CKAFX2_CGGTTGTT-AGTGTTGG_L003_R1_001.fastq.gz,cccbbc6a94c3c34b7b878f4f09bed260,,727842,,,,,,,FASTQ,HF7CKAFX2,FASTQ,CGGTTGTT-AGTGTTGG,L003,81901,cccbbc6a94c3c34b7b878f4f09bed260,79804_LibID81901_HF7CKAFX2_CGGTTGTT-AGTGTTGG_L003_R1_001.fastq.gz,R1,gap-illumina-shortread,,102.100.100/79804
79804_LibID81901_HF7CKAFX2_CGGTTGTT-AGTGTTGG_L003_R2_001.fastq.gz,,https://data.bioplatforms.com/dataset/bpa-gap-illumina-shortread-81901-83650/resource/a301d08b04397956692d47838e4c3dcd/download/79804_LibID81901_HF7CKAFX2_CGGTTGTT-AGTGTTGG_L003_R2_001.fastq.gz,a301d08b04397956692d47838e4c3dcd,,743238,,,,,,,FASTQ,HF7CKAFX2,FASTQ,CGGTTGTT-AGTGTTGG,L003,81901,a301d08b04397956692d47838e4c3dcd,79804_LibID81901_HF7CKAFX2_CGGTTGTT-AGTGTTGG_L003_R2_001.fastq.gz,R2,gap-illumina-shortread,,102.100.100/79804
79804_LibID81901_HF7CKAFX2_CGGTTGTT-AGTGTTGG_L004_R1_001.fastq.gz,,https://data.bioplatforms.com/dataset/bpa-gap-illumina-shortread-81901-83650/resource/a39ea9f1f926dfc745458a9a4ace259d/download/79804_LibID81901_HF7CKAFX2_CGGTTGTT-AGTGTTGG_L004_R1_001.fastq.gz,a39ea9f1f926dfc745458a9a4ace259d,,753459,,,,,,,FASTQ,HF7CKAFX2,FASTQ,CGGTTGTT-AGTGTTGG,L004,81901,a39ea9f1f926dfc745458a9a4ace259d,79804_LibID81901_HF7CKAFX2_CGGTTGTT-AGTGTTGG_L004_R1_001.fastq.gz,R1,gap-illumina-shortread,,102.100.100/79804
79804_LibID81901_HF7CKAFX2_CGGTTGTT-AGTGTTGG_L004_R2_001.fastq.gz,,https://data.bioplatforms.com/dataset/bpa-gap-illumina-shortread-81901-83650/resource/745606773d85ae2f178028c9bf6feeb0/download/79804_LibID81901_HF7CKAFX2_CGGTTGTT-AGTGTTGG_L004_R2_001.fastq.gz,745606773d85ae2f178028c9bf6feeb0,,781006,,,,,,,FASTQ,HF7CKAFX2,FASTQ,CGGTTGTT-AGTGTTGG,L004,81901,745606773d85ae2f178028c9bf6feeb0,79804_LibID81901_HF7CKAFX2_CGGTTGTT-AGTGTTGG_L004_R2_001.fastq.gz,R2,gap-illumina-shortread,,102.100.100/79804
79804_LibID81983_H7LV7AFX2_CGGTTGTT-AGTGTTGG_L001_R1_001.fastq.gz,,https://data.bioplatforms.com/dataset/bpa-gap-illumina-shortread-81983-83650/resource/c0f37586731cd2a2a985bfb6176e44db/download/79804_LibID81983_H7LV7AFX2_CGGTTGTT-AGTGTTGG_L001_R1_001.fastq.gz,c0f37586731cd2a2a985bfb6176e44db,,1221556,,,,,,,FASTQ,H7LV7AFX2,FASTQ,CGGTTGTT-AGTGTTGG,L001,81983,c0f37586731cd2a2a985bfb6176e44db,79804_LibID81983_H7LV7AFX2_CGGTTGTT-AGTGTTGG_L001_R1_001.fastq.gz,R1,gap-illumina-shortread,,102.100.100/79804
79804_LibID81983_H7LV7AFX2_CGGTTGTT-AGTGTTGG_L001_R2_001.fastq.gz,,https://data.bioplatforms.com/dataset/bpa-gap-illumina-shortread-81983-83650/resource/b9b5cabf8019d515c0f9a18e38aab810/download/79804_LibID81983_H7LV7AFX2_CGGTTGTT-AGTGTTGG_L001_R2_001.fastq.gz,b9b5cabf8019d515c0f9a18e38aab810,,1243388,,,,,,,FASTQ,H7LV7AFX2,FASTQ,CGGTTGTT-AGTGTTGG,L001,81983,b9b5cabf8019d515c0f9a18e38aab810,79804_LibID81983_H7LV7AFX2_CGGTTGTT-AGTGTTGG_L001_R2_001.fastq.gz,R2,gap-illumina-shortread,,102.100.100/79804
79804_LibID81983_H7LV7AFX2_CGGTTGTT-AGTGTTGG_L002_R1_001.fastq.gz,,https://data.bioplatforms.com/dataset/bpa-gap-illumina-shortread-81983-83650/resource/f32885a11e304c1577a8f3ba15c23bf9/download/79804_LibID81983_H7LV7AFX2_CGGTTGTT-AGTGTTGG_L002_R1_001.fastq.gz,f32885a11e304c1577a8f3ba15c23bf9,,1235775,,,,,,,FASTQ,H7LV7AFX2,FASTQ,CGGTTGTT-AGTGTTGG,L002,81983,f32885a11e304c1577a8f3ba15c23bf9,79804_LibID81983_H7LV7AFX2_CGGTTGTT-AGTGTTGG_L002_R1_001.fastq.gz,R1,gap-illumina-shortread,,102.100.100/79804
79804_LibID81983_H7LV7AFX2_CGGTTGTT-AGTGTTGG_L002_R2_001.fastq.gz,,https://data.bioplatforms.com/dataset/bpa-gap-illumina-shortread-81983-83650/resource/7c208ff39739c1ff4c8af36a6f912eb9/download/79804_LibID81983_H7LV7AFX2_CGGTTGTT-AGTGTTGG_L002_R2_001.fastq.gz,7c208ff39739c1ff4c8af36a6f912eb9,,1260341,,,,,,,FASTQ,H7LV7AFX2,FASTQ,CGGTTGTT-AGTGTTGG,L002,81983,7c208ff39739c1ff4c8af36a6f912eb9,79804_LibID81983_H7LV7AFX2_CGGTTGTT-AGTGTTGG_L002_R2_001.fastq.gz,R2,gap-illumina-shortread,,102.100.100/79804
79804_LibID81983_H7LV7AFX2_CGGTTGTT-AGTGTTGG_L003_R1_001.fastq.gz,,https://data.bioplatforms.com/dataset/bpa-gap-illumina-shortread-81983-83650/resource/31dba902b4014079ff032bbfcda43e04/download/79804_LibID81983_H7LV7AFX2_CGGTTGTT-AGTGTTGG_L003_R1_001.fastq.gz,31dba902b4014079ff032bbfcda43e04,,1177673,,,,,,,FASTQ,H7LV7AFX2,FASTQ,CGGTTGTT-AGTGTTGG,L003,81983,31dba902b4014079ff032bbfcda43e04,79804_LibID81983_H7LV7AFX2_CGGTTGTT-AGTGTTGG_L003_R1_001.fastq.gz,R1,gap-illumina-shortread,,102.100.100/79804
79804_LibID81983_H7LV7AFX2_CGGTTGTT-AGTGTTGG_L003_R2_001.fastq.gz,,https://data.bioplatforms.com/dataset/bpa-gap-illumina-shortread-81983-83650/resource/03b9aba80eb35a204c0bf5043b63b557/download/79804_LibID81983_H7LV7AFX2_CGGTTGTT-AGTGTTGG_L003_R2_001.fastq.gz,03b9aba80eb35a204c0bf5043b63b557,,1190953,,,,,,,FASTQ,H7LV7AFX2,FASTQ,CGGTTGTT-AGTGTTGG,L003,81983,03b9aba80eb35a204c0bf5043b63b557,79804_LibID81983_H7LV7AFX2_CGGTTGTT-AGTGTTGG_L003_R2_001.fastq.gz,R2,gap-illumina-shortread,,102.100.100/79804
79804_LibID81983_H7LV7AFX2_CGGTTGTT-AGTGTTGG_L004_R1_001.fastq.gz,,https://data.bioplatforms.com/dataset/bpa-gap-illumina-shortread-81983-83650/resource/9ebc245d5d6bdabd972b244e9585f86b/download/79804_LibID81983_H7LV7AFX2_CGGTTGTT-AGTGTTGG_L004_R1_001.fastq.gz,9ebc245d5d6bdabd972b244e9585f86b,,1235215,,,,,,,FASTQ,H7LV7AFX2,FASTQ,CGGTTGTT-AGTGTTGG,L004,81983,9ebc245d5d6bdabd972b244e9585f86b,79804_LibID81983_H7LV7AFX2_CGGTTGTT-AGTGTTGG_L004_R1_001.fastq.gz,R1,gap-illumina-shortread,,102.100.100/79804
79804_LibID81983_H7LV7AFX2_CGGTTGTT-AGTGTTGG_L004_R2_001.fastq.gz,,https://data.bioplatforms.com/dataset/bpa-gap-illumina-shortread-81983-83650/resource/7016a40ca8b1c6fe3137a7ca271429a9/download/79804_LibID81983_H7LV7AFX2_CGGTTGTT-AGTGTTGG_L004_R2_001.fastq.gz,7016a40ca8b1c6fe3137a7ca271429a9,,1264359,,,,,,,FASTQ,H7LV7AFX2,FASTQ,CGGTTGTT-AGTGTTGG,L004,81983,7016a40ca8b1c6fe3137a7ca271429a9,79804_LibID81983_H7LV7AFX2_CGGTTGTT-AGTGTTGG_L004_R2_001.fastq.gz,R2,gap-illumina-shortread,,102.100.100/79804
79804_LibID81992_HF7CKAFX2_TAGACGTG-AGTGTTGG_L001_R1_001.fastq.gz,,https://data.bioplatforms.com/dataset/bpa-gap-illumina-shortread-81992-83650/resource/9dc4a51896ebb4d9594bd4521d9f911a/download/79804_LibID81992_HF7CKAFX2_TAGACGTG-AGTGTTGG_L001_R1_001.fastq.gz,9dc4a51896ebb4d9594bd4521d9f911a,,29478829,,,,,,,FASTQ,HF7CKAFX2,FASTQ,TAGACGTG-AGTGTTGG,L001,81992,9dc4a51896ebb4d9594bd4521d9f911a,79804_LibID81992_HF7CKAFX2_TAGACGTG-AGTGTTGG_L001_R1_001.fastq.gz,R1,gap-illumina-shortread,,102.100.100/79804
79804_LibID81992_HF7CKAFX2_TAGACGTG-AGTGTTGG_L001_R2_001.fastq.gz,,https://data.bioplatforms.com/dataset/bpa-gap-illumina-shortread-81992-83650/resource/33da57fbc20ae43af527e8daa87d0846/download/79804_LibID81992_HF7CKAFX2_TAGACGTG-AGTGTTGG_L001_R2_001.fastq.gz,33da57fbc20ae43af527e8daa87d0846,,29940652,,,,,,,FASTQ,HF7CKAFX2,FASTQ,TAGACGTG-AGTGTTGG,L001,81992,33da57fbc20ae43af527e8daa87d0846,79804_LibID81992_HF7CKAFX2_TAGACGTG-AGTGTTGG_L001_R2_001.fastq.gz,R2,gap-illumina-shortread,,102.100.100/79804
79804_LibID81992_HF7CKAFX2_TAGACGTG-AGTGTTGG_L002_R1_001.fastq.gz,,https://data.bioplatforms.com/dataset/bpa-gap-illumina-shortread-81992-83650/resource/6b34c79699b4ee78aa87489d68523812/download/79804_LibID81992_HF7CKAFX2_TAGACGTG-AGTGTTGG_L002_R1_001.fastq.gz,6b34c79699b4ee78aa87489d68523812,,34404119,,,,,,,FASTQ,HF7CKAFX2,FASTQ,TAGACGTG-AGTGTTGG,L002,81992,6b34c79699b4ee78aa87489d68523812,79804_LibID81992_HF7CKAFX2_TAGACGTG-AGTGTTGG_L002_R1_001.fastq.gz,R1,gap-illumina-shortread,,102.100.100/79804
79804_LibID81992_HF7CKAFX2_TAGACGTG-AGTGTTGG_L002_R2_001.fastq.gz,,https://data.bioplatforms.com/dataset/bpa-gap-illumina-shortread-81992-83650/resource/a11c881dd7aa89dfc51ed8adc0b314c9/download/79804_LibID81992_HF7CKAFX2_TAGACGTG-AGTGTTGG_L002_R2_001.fastq.gz,a11c881dd7aa89dfc51ed8adc0b314c9,,35427070,,,,,,,FASTQ,HF7CKAFX2,FASTQ,TAGACGTG-AGTGTTGG,L002,81992,a11c881dd7aa89dfc51ed8adc0b314c9,79804_LibID81992_HF7CKAFX2_TAGACGTG-AGTGTTGG_L002_R2_001.fastq.gz,R2,gap-illumina-shortread,,102.100.100/79804
79804_LibID81992_HF7CKAFX2_TAGACGTG-AGTGTTGG_L003_R1_001.fastq.gz,,https://data.bioplatforms.com/dataset/bpa-gap-illumina-shortread-81992-83650/resource/60bf14f0e8094e2c02d4ae1067c2391f/download/79804_LibID81992_HF7CKAFX2_TAGACGTG-AGTGTTGG_L003_R1_001.fastq.gz,60bf14f0e8094e2c02d4ae1067c2391f,,30432730,,,,,,,FASTQ,HF7CKAFX2,FASTQ,TAGACGTG-AGTGTTGG,L003,81992,60bf14f0e8094e2c02d4ae1067c2391f,79804_LibID81992_HF7CKAFX2_TAGACGTG-AGTGTTGG_L003_R1_001.fastq.gz,R1,gap-illumina-shortread,,102.100.100/79804
79804_LibID81992_HF7CKAFX2_TAGACGTG-AGTGTTGG_L003_R2_001.fastq.gz,,https://data.bioplatforms.com/dataset/bpa-gap-illumina-shortread-81992-83650/resource/43f8a3e356f65a4aa55831e31f770c93/download/79804_LibID81992_HF7CKAFX2_TAGACGTG-AGTGTTGG_L003_R2_001.fastq.gz,43f8a3e356f65a4aa55831e31f770c93,,30691189,,,,,,,FASTQ,HF7CKAFX2,FASTQ,TAGACGTG-AGTGTTGG,L003,81992,43f8a3e356f65a4aa55831e31f770c93,79804_LibID81992_HF7CKAFX2_TAGACGTG-AGTGTTGG_L003_R2_001.fastq.gz,R2,gap-illumina-shortread,,102.100.100/79804
79804_LibID81992_HF7CKAFX2_TAGACGTG-AGTGTTGG_L004_R1_001.fastq.gz,,https://data.bioplatforms.com/dataset/bpa-gap-illumina-shortread-81992-83650/resource/b6fccaec78272e679dcafecaf06d995a/download/79804_LibID81992_HF7CKAFX2_TAGACGTG-AGTGTTGG_L004_R1_001.fastq.gz,b6fccaec78272e679dcafecaf06d995a,,34161422,,,,,,,FASTQ,HF7CKAFX2,FASTQ,TAGACGTG-AGTGTTGG,L004,81992,b6fccaec78272e679dcafecaf06d995a,79804_LibID81992_HF7CKAFX2_TAGACGTG-AGTGTTGG_L004_R1_001.fastq.gz,R1,gap-illumina-shortread,,102.100.100/79804
79804_LibID81992_HF7CKAFX2_TAGACGTG-AGTGTTGG_L004_R2_001.fastq.gz,,https://data.bioplatforms.com/dataset/bpa-gap-illumina-shortread-81992-83650/resource/78a736300f7538f3a3cf03dfa6340080/download/79804_LibID81992_HF7CKAFX2_TAGACGTG-AGTGTTGG_L004_R2_001.fastq.gz,78a736300f7538f3a3cf03dfa6340080,,34889826,,,,,,,FASTQ,HF7CKAFX2,FASTQ,TAGACGTG-AGTGTTGG,L004,81992,78a736300f7538f3a3cf03dfa6340080,79804_LibID81992_HF7CKAFX2_TAGACGTG-AGTGTTGG_L004_R2_001.fastq.gz,R2,gap-illumina-shortread,,102.100.100/79804
80417_LibID82608_HVM7GDRXX_GTTGTGTG-GTCGGACG_L002_R1.fastq.gz,,https://data.bioplatforms.com/dataset/bpa-gap-illumina-shortread-82608-83655/resource/806710d004f356eb95b7cb7322ae559a/download/80417_LibID82608_HVM7GDRXX_GTTGTGTG-GTCGGACG_L002_R1.fastq.gz,806710d004f356eb95b7cb7322ae559a,,85069858,,,,,,,FASTQ,HVM7GDRXX,FASTQ,GTTGTGTG-GTCGGACG,L002,82608,806710d004f356eb95b7cb7322ae559a,80417_LibID82608_HVM7GDRXX_GTTGTGTG-GTCGGACG_L002_R1.fastq.gz,R1,gap-illumina-shortread,,102.100.100/80417
80417_LibID82608_HVM7GDRXX_GTTGTGTG-GTCGGACG_L002_R2.fastq.gz,,https://data.bioplatforms.com/dataset/bpa-gap-illumina-shortread-82608-83655/resource/b9cb14f302f97a6c7a01abe06685bc36/download/80417_LibID82608_HVM7GDRXX_GTTGTGTG-GTCGGACG_L002_R2.fastq.gz,b9cb14f302f97a6c7a01abe06685bc36,,87292353,,,,,,,FASTQ,HVM7GDRXX,FASTQ,GTTGTGTG-GTCGGACG,L002,82608,b9cb14f302f97a6c7a01abe06685bc36,80417_LibID82608_HVM7GDRXX_GTTGTGTG-GTCGGACG_L002_R2.fastq.gz,R2,gap-illumina-shortread,,102.100.100/80417
80417_LibID82608_HY7KVDRXX_GTTGTGTG-GTCGGACG_L002_R1.fastq.gz,,https://data.bioplatforms.com/dataset/bpa-gap-illumina-shortread-82608-83676/resource/37a7f7052e0f6eabecdbc9165148b898/download/80417_LibID82608_HY7KVDRXX_GTTGTGTG-GTCGGACG_L002_R1.fastq.gz,37a7f7052e0f6eabecdbc9165148b898,,133397952,,,,,,,FASTQ,HY7KVDRXX,FASTQ,GTTGTGTG-GTCGGACG,L002,82608,37a7f7052e0f6eabecdbc9165148b898,80417_LibID82608_HY7KVDRXX_GTTGTGTG-GTCGGACG_L002_R1.fastq.gz,R1,gap-illumina-shortread,,102.100.100/80417
80417_LibID82608_HY7KVDRXX_GTTGTGTG-GTCGGACG_L002_R2.fastq.gz,,https://data.bioplatforms.com/dataset/bpa-gap-illumina-shortread-82608-83676/resource/0b01765e8acdf44caa029d4b17a8fd5c/download/80417_LibID82608_HY7KVDRXX_GTTGTGTG-GTCGGACG_L002_R2.fastq.gz,0b01765e8acdf44caa029d4b17a8fd5c,,138921466,,,,,,,FASTQ,HY7KVDRXX,FASTQ,GTTGTGTG-GTCGGACG,L002,82608,0b01765e8acdf44caa029d4b17a8fd5c,80417_LibID82608_HY7KVDRXX_GTTGTGTG-GTCGGACG_L002_R2.fastq.gz,R2,gap-illumina-shortread,,102.100.100/80417
