Source,Order,Family,Genus,Species,Namelist,filename,low_data (<20 markers),included_hybpiper,included_tree,flag,flag2,
PAFTOL,Laurales,Lauraceae,Actinodaphne,nitida,P_008640,P_008640_R1.fastq.gz,0,1,1,,,
PAFTOL,Magnoliales,Annonaceae,Afroguatteria,sp.,P_012791,P_012791_R1.fastq.gz,0,1,1,,,
PAFTOL,Laurales,Lauraceae,Aiouea,costaricensis,P_011673,P_011673_R1.fastq.gz,0,1,1,,,
PAFTOL,Magnoliales,Annonaceae,Alphonsea,kinabaluensis,P_012793,P_012793_R1.fastq.gz,0,1,1,,,
PAFTOL,Laurales,Lauraceae,Alseodaphne,semecarpifolia,P_011705,P_011705_R1.fastq.gz,0,1,1,,,
SRA,Laurales,Lauraceae,Alseodaphnopsis,petiolaris,Apet,Apet_R1.fastq.gz,1,0,0,,,
PAFTOL,Magnoliales,Annonaceae,Ambavia,capuronii,P_018637,P_018637_R1.fastq.gz,0,1,1,,,
PAFTOL,Magnoliales,Annonaceae,Anaxagorea,crassipetala,P_012795,P_012795_R1.fastq.gz,0,1,1,,,
PAFTOL,Magnoliales,Annonaceae,Anaxagorea,brachycarpa,P_012941,P_012941_R1.fastq.gz,0,1,1,,,
PAFTOL,Piperales,Saururaceae,Anemopsis,californica,P_019185,P_019185_R1.fastq.gz,0,1,1,,,
PAFTOL,Laurales,Lauraceae,Aniba,firmula,P_014069,P_014069_R1.fastq.gz,1,0,0,,,
PAFTOL,Magnoliales,Annonaceae,Annickia,ambigua,P_012797,P_012797_R1.fastq.gz,0,1,1,,,
PAFTOL,Magnoliales,Annonaceae,Annona,glabra,P_012799,P_012799_R1.fastq.gz,0,1,1,,,
1KP,Magnoliales,Annonaceae,Annona,muricata,YZRI,YZRI.fasta,,0,1,,,
PAFTOL,Magnoliales,Annonaceae,Anonidium,floribundum,P_012801,P_012801_R1.fastq.gz,0,1,1,,,
PAFTOL,Laurales,Lauraceae,Apollonias,arnottii,P_011719,P_011719_R1.fastq.gz,0,1,1,,,
1KP,Piperales,Aristolochiaceae,Aristolochia,littoralis,PAWA,PAWA.fasta,,0,1,,,
PAFTOL,Magnoliales,Annonaceae,Artabotrys,rufus,P_012803,P_012803_R1.fastq.gz,0,1,1,,,
PAFTOL,Piperales,Aristolochiaceae,Asarum,europaeum,P_016915,P_016915_R1.fastq.gz,1,0,0,,,
PAFTOL,Chloranthales,Chloranthaceae,Ascarina,rubricaulis,P_016909,P_016909_R1.fastq.gz,0,1,1,,,
1KP,Chloranthales,Chloranthaceae,Ascarina,rubricaulis,WZFE,WZFE.fasta,,0,1,,,
PAFTOL,Magnoliales,Annonaceae,Asimina,triloba,P_012805,P_012805_R1.fastq.gz,0,1,1,,,
PAFTOL,Magnoliales,Annonaceae,Asteranthe,asterias,P_012807,P_012807_R1.fastq.gz,0,1,1,,,
PAFTOL,Laurales,Atherospermataceae,Atherosperma,,P_014077,P_014077_R1.fastq.gz,0,1,1,,,
GAP,Laurales,Monimiaceae,Austromatthaea,elegans,GAP_80392,GAP_80392_R1.fastq.gz,0,0,0,Strange position,Exclude,"[HS, 15/09/20021: yes now excluded, same issue occurred in draft GAP tree; also PAFTOL provided other sample that is in correct family]"
PAFTOL,Laurales,Monimiaceae,Austromatthea,elegans,P_011551,P_011551_R1.fastq.gz,0,1,1,,,
PAFTOL,Laurales,Lauraceae,Beilschmiedia,tsangii,P_006411,P_006411_R1.fastq.gz,0,1,1,,,
SMDO,Magnoliales,Myristicaceae,Bicuiba,oleifera,S38,S38_R1.fastq.gz,0,1,1,,,
PAFTOL,Magnoliales,Myristicaceae,Bicuiba,oleifera,P_014097,P_014097_R1.fastq.gz,1,0,0,,,
SMDO,Magnoliales,Myristicaceae,Bicuiba,oleifera,S47,S47_R1.fastq.gz,1,0,0,,,
PAFTOL,Magnoliales,Annonaceae,Boutiquea,platypetala,P_012809,P_012809_R1.fastq.gz,0,1,1,,,
PAFTOL,Magnoliales,Annonaceae,Brieya,facsiculata,P_012811,P_012811_R1.fastq.gz,0,1,1,,,
PAFTOL,Magnoliales,Myristicaceae,Brochoneura,acuminata,P_018779,P_018779_R1.fastq.gz,0,1,1,,,
GAP,Canellales,Winteraceae,Bubbia,howeana,GAP_81226,GAP_81226_R1.fastq.gz,0,1,1,,,
1KP,Laurales,Calycanthaceae,Calycanthus,floridus,FALI,FALI.fasta,,0,1,,,
PAFTOL,Magnoliales,Annonaceae,Cananga,odorata,P_006415,P_006415_R1.fastq.gz,0,0,0,Strange position,,"[HS, 15/09/20021: yes now excluded, same issue occurred in draft GAP tree, confirming this is Ranunculaceae!]"
PAFTOL,Canellales,Canellaceae,Capsicodendron,dinisii,P_019187,P_019187_R1.fastq.gz,0,1,1,,,
PAFTOL,Laurales,Lauraceae,Caryodaphnopsis,burgerii,P_008631,P_008631_R1.fastq.gz,0,1,1,,,
1KP,Laurales,Lauraceae,Cassytha,filiformis,VYLQ,VYLQ.fasta,,0,1,,,
PAFTOL,Magnoliales,Myristicaceae,Cephalosphaera,usambarensis,P_018645,P_018645_R1.fastq.gz,0,1,1,,,
PAFTOL,Chloranthales,Chloranthaceae,Chloranthus,spicatus,P0109B,P0109B_R1.fastq.gz,0,1,1,,,
PAFTOL,Laurales,Lauraceae,Chlorocardium,venenosum,P_011709,P_011709_R1.fastq.gz,0,1,1,,,
GAP,Laurales,Lauraceae,Cinnamomum,camphora,GAP_79790,GAP_79790_R1.fastq.gz,0,0,0,Poor GAP metdata,Strange position. Exclude? Elton.,
1KP,Laurales,Lauraceae,Cinnamomum,camphora,BCGB,BCGB.fasta,,0,1,,,
PAFTOL,Magnoliales,Annonaceae,Cleistopholis,staudii,P_012813,P_012813_R1.fastq.gz,0,1,1,,,
PAFTOL,Magnoliales,Myristicaceae,Coelocaryon,preussii,P_018693,P_018693_R1.fastq.gz,0,1,1,,,
PAFTOL,Magnoliales,Myristicaceae,Compsoneura,excelsa,P_016791,P_016791_R1.fastq.gz,0,1,1,,,
PAFTOL,Magnoliales,Annonaceae,Cremastosperma,oblongum,P_012815,P_012815_R1.fastq.gz,0,1,1,,,
PAFTOL,Laurales,Lauraceae,Cryptocarya,alba,P_011531,P_011531_R1.fastq.gz,0,1,1,,,
PAFTOL,Magnoliales,Annonaceae,Cyathocalyx,zeylanicus,P_007864,P_007864_R1.fastq.gz,1,0,0,,,
PAFTOL,Magnoliales,Annonaceae,Cymbopetalum,costaricense,P_012817,P_012817_R1.fastq.gz,0,1,1,,,
PAFTOL,Laurales,Lauraceae,Damburneya,ambigens,P_011537,P_011537_R1.fastq.gz,0,1,1,,,
PAFTOL,Laurales,Atherospermataceae,Daphnadra,micrantha,P_014083,P_014083_R1.fastq.gz,0,1,1,,,"[HS, 15/09/2021: please update family name; GAP already provided same species so I suggest keeping only one]"
GAP,Laurales,Atherospermataceae,Daphnandra,micrantha,GAP_80297,GAP_80297_R1.fastq.gz,0,1,1,,,
PAFTOL,Magnoliales,Annonaceae,Dasymaschalon,sp.,P_012819,P_012819_R1.fastq.gz,0,1,1,,,
PAFTOL,Magnoliales,Degeneriaceae,Degeneria,vitiensis,P2622,P2622_R1.fastq.gz,0,1,1,,,
SRA,Laurales,Lauraceae,Dehaasia,hainanensis,Dhai,Dhai_R1.fastq.gz,1,0,0,,,
PAFTOL,Magnoliales,Annonaceae,Desmopsis,heteropetala,P_012821,P_012821_R1.fastq.gz,0,1,1,,,
PAFTOL,Magnoliales,Annonaceae,Desmos,sp.,P_012823,P_012823_R1.fastq.gz,0,1,1,,,
PAFTOL,Magnoliales,Annonaceae,Diclinanona,calycina,P_012825,P_012825_R1.fastq.gz,0,1,1,,,
PAFTOL,Laurales,Lauraceae,Dodecadenia,grandiflora,P_011535,P_011535_R1.fastq.gz,0,0,0,Strange position,Yes. Exclude,
GAP,Laurales,Atherospermataceae,Doryphora,sassafras,GAP_80298,GAP_80298_R1.fastq.gz,0,1,1,,,
PAFTOL,Magnoliales,Annonaceae,Drepananthus,polycarpus,P_007802,P_007802_R1.fastq.gz,0,1,1,,,
PAFTOL,Magnoliales,Annonaceae,Drepananthus,ramuliflorus,P_012827,P_012827_R1.fastq.gz,0,1,1,,,
1KP,Canellales,Winteraceae,Drimys,winteri,WKSU,WKSU.fasta,,0,1,,,
PAFTOL,Laurales,Atherospermataceae,Dryadodaphne,novoguineensis,P_011527,P_011527_R1.fastq.gz,0,1,1,Metadata taken from 'Laurales2ndbatch.xlsx' from EJdL,,
PAFTOL,Magnoliales,Annonaceae,Duguetia,staudtii,P_012829,P_012829_R1.fastq.gz,0,1,1,,,
PAFTOL,Laurales,Lauraceae,Endiandra,macrophylla,P_011699,P_011699_R1.fastq.gz,0,1,1,,,
GAP,Laurales,Lauraceae,Endiandra,glauca,GAP_80388,GAP_80388_R1.fastq.gz,0,0,0,Strange position,Already excluded? It is not in the tree,"[HS, 15/09/20021: yes now excluded, same issue occurred in draft GAP tree, confirming this is Lamiaceae!; also PAFTOL provided other species that is in correct family]"
PAFTOL,Magnoliales,Myristicaceae,Endocomia,canarioides,P_016793,P_016793_R1.fastq.gz,0,1,1,,,
PAFTOL,Magnoliales,Annonaceae,Ephedranthus,parviflorus,P_012831,P_012831_R1.fastq.gz,0,1,1,,,
GAP,Magnoliales,Eupomatiaceae,Eupomatia,laurina,GAP_80322,GAP_80322_R1.fastq.gz,0,1,1,,,
PAFTOL,Magnoliales,Annonaceae,Fissistigma,sp.,P_012833,P_012833_R1.fastq.gz,0,1,1,,,
PAFTOL,Magnoliales,Annonaceae,Friesodielsia,excisa,P_012835,P_012835_R1.fastq.gz,0,1,1,,,
PAFTOL,Magnoliales,Annonaceae,Fusaea,peruviana,P_012837,P_012837_R1.fastq.gz,0,1,1,,,
PAFTOL,Magnoliales,Himantandraceae,Galbulimima,belgraveana,P2623,P2623_R1.fastq.gz,0,1,1,,,
SRA,Magnoliales,Himantandraceae,Galbulimima,belgraveana,Gbel,Gbel_R1.fastq.gz,1,0,0,,,
1KP,Laurales,Gomortegaceae,Gomortega,keule,MAQO,MAQO.fasta,,0,1,,,
PAFTOL,Magnoliales,Annonaceae,Goniothalamus,borneensis,P_012839,P_012839_R1.fastq.gz,0,1,1,,,
PAFTOL,Laurales,Monimiaceae,Grazielanthus,arkeocarpus,P_011489,P_011489_R1.fastq.gz,0,1,1,,,
PAFTOL,Magnoliales,Annonaceae,Greenwayodendron,suavoelens,P_012841,P_012841_R1.fastq.gz,0,1,1,,,
PAFTOL,Magnoliales,Annonaceae,Guatteria,jefensis,P_012843,P_012843_R1.fastq.gz,0,1,1,,,
PAFTOL,Magnoliales,Myristicaceae,Gymnacranthera,farquhariana,P_006422,P_006422_R1.fastq.gz,0,1,1,,,
GAP,Laurales,Hernandiaceae,Gyrocarpus,americanus,GAP_79862,GAP_79862_R1.fastq.gz,0,1,1,,,
PAFTOL,Magnoliales,Myristicaceae,Haematodendron,glabrum,P_018781,P_018781_R1.fastq.gz,0,0,0,Strange position (low-ish data too),,
GAP,Laurales,Monimiaceae,Hedycarya,angustifolia,GAP_80393,GAP_80393_R1.fastq.gz,0,1,1,,,
PAFTOL,Laurales,Monimiaceae,Hedycarya,cupulata,P_011493,P_011493_R1.fastq.gz,0,0,0,,Exclude.,
PAFTOL,Laurales,Monimiaceae,Hedycarya,engleriana,P_011495,P_011495_R1.fastq.gz,0,0,0,,Exclude.,
PAFTOL,Laurales,Monimiaceae,Hedycarya,dorstenioides,P_011525,P_011525_R1.fastq.gz,0,0,0,,Exclude.,
PAFTOL,Chloranthales,Chloranthaceae,Hedyosmum,arborescens,P0203H,P0203H_R1.fastq.gz,0,1,1,,,
PAFTOL,Laurales,Hernandiaceae,Hernandia,ovigera,P_008647,P_008647_R1.fastq.gz,0,1,1,,,
PAFTOL,Laurales,Hernandiaceae,Hernandia,peltata,P0104A,P0104A_R1.fastq.gz,0,1,1,,,
PAFTOL,Magnoliales,Annonaceae,Hexalobus,crispiflorus,P_012845,P_012845_R1.fastq.gz,0,1,1,,,
PAFTOL,Magnoliales,Annonaceae,Hornschuchia,alba,P_012847,P_012847_R1.fastq.gz,0,1,1,,,
PAFTOL,Magnoliales,Myristicaceae,Horsfieldia,suberba,P_016795,P_016795_R1.fastq.gz,0,1,1,,,
1KP,Piperales,Saururaceae,Houttuynia,cordata,CSSK,CSSK.fasta,,0,1,,,
GAP,Magnoliales,Annonaceae,Huberantha,nitidissima,GAP_80291,GAP_80291_R1.fastq.gz,0,1,1,,,
PAFTOL,Piperales,Aristolochiaceae,Hydnora,abyssinica,P_025523,P_025523_R1.fastq.gz,0,1,1,,,
PAFTOL,Piperales,Aristolochiaceae,Hydnora,visseri,P_025525,P_025525_R1.fastq.gz,0,1,1,,,
PAFTOL,Piperales,Aristolochiaceae,Hydnora,visseri,P_025587,P_025587_R1.fastq.gz,1,0,0,Low data,,
PAFTOL,Piperales,Aristolochiaceae,Hydnora,abyssinica,P_025599,P_025599_R1.fastq.gz,1,0,0,Low data,,
PAFTOL,Piperales,Aristolochiaceae,Hydnora,johannis,P0110D,P0110D_R1.fastq.gz,1,0,0,,,
PAFTOL,Piperales,Aristolochiaceae,Hydnora,abyssinica,P4172,P4172_R1.fastq.gz,1,0,0,,,
PAFTOL,Laurales,Lauraceae,Hypodaphnis,zenkeri,P_011741,P_011741_R1.fastq.gz,0,0,0,"Low-ish data (48 markers), strange position ",,"[HS, 15/09/20021: yes please exclude; this is sad (key taxon) but absolutely a real Lauraceae]"
1KP,Laurales,Calycanthaceae,Idiospermum,australiense,WPHN,WPHN.fasta,,0,1,,,
PAFTOL,Laurales,Hernandiaceae,Illigera,,P_014081,P_014081_R1.fastq.gz,0,1,1,,,
PAFTOL,Magnoliales,Myristicaceae,Iryanthera,sp.,P_014099,P_014099_R1.fastq.gz,0,1,1,,,
SMDO,Magnoliales,Myristicaceae,Iryanthera,hostmannii,S03,S03_R1.fastq.gz,0,1,1,,,
SMDO,Magnoliales,Myristicaceae,Iryanthera,cfparaensis,S24,S24_R1.fastq.gz,1,0,0,,,
PAFTOL,Magnoliales,Annonaceae,Isolona,pleurocarpa,P_012849,P_012849_R1.fastq.gz,0,1,1,,,
PAFTOL,Laurales,Monimiaceae,Kairoa,suberosa,P_007843,P_007843_R1.fastq.gz,0,1,1,,,
PAFTOL,Laurales,Monimiaceae,Kibara,coriacea,P_006414,P_006414_R1.fastq.gz,0,1,1,,,
PAFTOL,Magnoliales,Annonaceae,Klarobelia,candida,P_012851,P_012851_R1.fastq.gz,0,1,1,,,
PAFTOL,Magnoliales,Myristicaceae,Knema,laurina,P_016797,P_016797_R1.fastq.gz,0,1,1,,,
PAFTOL,Laurales,Lauraceae,Kubitzkia,mezii,P_011611,P_011611_R1.fastq.gz,0,1,1,,,
PAFTOL,Piperales,Aristolochiaceae,Lactoris,fernandeziana,P_019189,P_019189_R1.fastq.gz,0,1,1,,,
PAFTOL,Piperales,Aristolochiaceae,Lactoris,fernandeziana,P0102B,P0102B_R1.fastq.gz,0,1,1,,,
1KP,Laurales,Atherospermataceae,Laurelia,sempervirens,WAIL,WAIL.fasta,,0,1,,,
PAFTOL,Laurales,Lauraceae,Laurus,azorica,P_016813,P_016813_R1.fastq.gz,0,1,1,,,
PAFTOL,Magnoliales,Annonaceae,Letestudoxa,bella,P_012853,P_012853_R1.fastq.gz,0,1,1,,,
PAFTOL,Magnoliales,Annonaceae,Lettowianthus,stellatus,P_012855,P_012855_R1.fastq.gz,0,1,1,,,
GAP,Laurales,Monimiaceae,Levieria,acuminata,GAP_80394,GAP_80394_R1.fastq.gz,0,1,1,,,
PAFTOL,Laurales,Monimiaceae,Levieria,montana,P_007782,P_007782_R1.fastq.gz,0,0,0,,Exclude.,
PAFTOL,Laurales,Lauraceae,Licaria,triandra,P_011675,P_011675_R1.fastq.gz,0,1,1,,,
PAFTOL,Laurales,Lauraceae,Licaria,herrerae,P_011735,P_011735_R1.fastq.gz,0,1,1,,,
GAP,Laurales,Lauraceae,Lindera,queenslandica,GAP_80389,GAP_80389_R1.fastq.gz,0,1,1,,,
1KP,Laurales,Lauraceae,Lindera,benzoin,KAYP,KAYP.fasta,,0,1,,,
PAFTOL,Magnoliales,Magnoliaceae,Liriodendron,chinense,P0110C,P0110C_R1.fastq.gz,0,1,1,,,
GAP,Laurales,Lauraceae,Litsea,glutinosa,GAP_80390,GAP_80390_R1.fastq.gz,0,1,1,,,
PAFTOL,Laurales,Lauraceae,Litsea,collina,P_008646,P_008646_R1.fastq.gz,0,1,1,,,
SRA,Laurales,Lauraceae,Machilus,salicina,Msal,Msal_R1.fastq.gz,1,0,0,,,
PAFTOL,Laurales,Monimiaceae,Macropeplus,dentatus,P_011465,P_011465_R1.fastq.gz,0,1,1,,,
PAFTOL,Laurales,Monimiaceae,Macropeplus,friburgensis,P_011499,P_011499_R1.fastq.gz,0,0,0,,Exclude.,
PAFTOL,Laurales,Monimiaceae,Macrotorus,utriculatus,P_011501,P_011501_R1.fastq.gz,0,1,1,,,
PAFTOL,Magnoliales,Magnoliaceae,Magnolia,delavayi,P0110B,P0110B_R1.fastq.gz,0,1,1,,,
PAFTOL,Magnoliales,Magnoliaceae,Magnolia,acuminata,P0206G,P0206G_R1.fastq.gz,0,1,1,,,
PAFTOL,Magnoliales,Magnoliaceae,Magnolia,zenii,P0206H,P0206H_R1.fastq.gz,0,1,1,,,
PAFTOL,Magnoliales,Magnoliaceae,Magnolia,officinalis,P0207A,P0207A_R1.fastq.gz,0,1,1,,,
PAFTOL,Magnoliales,Magnoliaceae,Magnolia,compressa,P0207B,P0207B_R1.fastq.gz,0,1,1,,,
PAFTOL,Magnoliales,Magnoliaceae,Magnolia,nitida,P0207C,P0207C_R1.fastq.gz,0,1,1,,,
PAFTOL,Magnoliales,Annonaceae,Malmea,surinamensis,P_012857,P_012857_R1.fastq.gz,0,1,1,,,
PAFTOL,Piperales,Piperaceae,Manekia,incurva,P_019191,P_019191_R1.fastq.gz,0,1,1,,,
PAFTOL,Magnoliales,Annonaceae,Marsypopetalum,littorale,P_012859,P_012859_R1.fastq.gz,0,1,1,,,
PAFTOL,Laurales,Monimiaceae,Matthaea,,P_011637,P_011637_R1.fastq.gz,0,1,1,,,
PAFTOL,Magnoliales,Myristicaceae,Mauloutchia,chapelieri,P_018639,P_018639_R1.fastq.gz,0,1,1,,,
PAFTOL,Magnoliales,Annonaceae,Meiocarpidium,oliverianum,P_012861,P_012861_R1.fastq.gz,0,1,1,,,
PAFTOL,Magnoliales,Annonaceae,Meiogyne,sp.,P_012863,P_012863_R1.fastq.gz,0,1,1,,,
PAFTOL,Laurales,Lauraceae,Mespilodaphne,quixos,P_011715,P_011715_R1.fastq.gz,0,1,1,,,
PAFTOL,Magnoliales,Annonaceae,Miliusa,,P_006418,P_006418_R1.fastq.gz,0,1,1,,,
PAFTOL,Magnoliales,Annonaceae,Mischogyne,elliotianum,P_012865,P_012865_R1.fastq.gz,0,1,1,,,
GAP,Magnoliales,Annonaceae,Mitrella,tiwiensis,GAP_81172,GAP_81172_R1.fastq.gz,0,1,1,,,
GAP,Magnoliales,Annonaceae,Mitrephora,diversifolia,GAP_80292,GAP_80292_R1.fastq.gz,0,1,1,,,
PAFTOL,Magnoliales,Annonaceae,Mitrephora,keithii,P_006419,P_006419_R1.fastq.gz,0,1,1,,,
PAFTOL,Magnoliales,Annonaceae,Mkilua,fragrans,P_012867,P_012867_R1.fastq.gz,0,1,1,,,
PAFTOL,Laurales,Monimiaceae,Mollinedia,schottiana,P_011487,P_011487_R1.fastq.gz,0,1,1,,,
PAFTOL,Laurales,Monimiaceae,Mollinedia,dolichotricha,P_011523,P_011523_R1.fastq.gz,0,1,1,,,
PAFTOL,Laurales,Monimiaceae,Mollinedia,sphaerantha,P_011467,P_011467_R1.fastq.gz,0,0,0,,Exclude.,
PAFTOL,Laurales,Monimiaceae,Mollinedia,heteranthera,P_011469,P_011469_R1.fastq.gz,0,0,0,,Exclude.,
PAFTOL,Laurales,Monimiaceae,Mollinedia,pachysandra,P_011473,P_011473_R1.fastq.gz,0,0,0,,Exclude.,
PAFTOL,Laurales,Monimiaceae,Mollinedia,acutissima,P_011475,P_011475_R1.fastq.gz,0,0,0,,Exclude.,
PAFTOL,Laurales,Monimiaceae,Mollinedia,triflora,P_011477,P_011477_R1.fastq.gz,0,0,0,,Exclude.,
PAFTOL,Laurales,Monimiaceae,Mollinedia,puberula,P_011483,P_011483_R1.fastq.gz,0,0,0,,Exclude.,
PAFTOL,Laurales,Monimiaceae,Mollinedia,glabra,P_011485,P_011485_R1.fastq.gz,0,0,0,,Exclude.,
PAFTOL,Laurales,Monimiaceae,Mollinedia,stenophylla,P_011497,P_011497_R1.fastq.gz,0,0,0,,Exclude.,
PAFTOL,Laurales,Monimiaceae,Mollinedia,argyrogyna,P_011503,P_011503_R1.fastq.gz,0,0,0,,Exclude.,
PAFTOL,Laurales,Monimiaceae,Mollinedia,gilgiana,P_011507,P_011507_R1.fastq.gz,0,0,0,,Exclude.,
PAFTOL,Laurales,Monimiaceae,Mollinedia,uleana,P_011511,P_011511_R1.fastq.gz,0,0,0,,Exclude.,
PAFTOL,Laurales,Monimiaceae,Mollinedia,oligantha,P_011521,P_011521_R1.fastq.gz,0,0,0,,Exclude.,
PAFTOL,Magnoliales,Annonaceae,Monanthotaxis,congoensis,P_012869,P_012869_R1.fastq.gz,0,1,1,,,
PAFTOL,Laurales,Monimiaceae,Monimia,,P_011549,P_011549_R1.fastq.gz,0,1,1,,,
PAFTOL,Magnoliales,Annonaceae,Monocarpia,kalimantanensis,P_018689,P_018689_R1.fastq.gz,0,1,1,,,
PAFTOL,Magnoliales,Annonaceae,Monodora,myristica,P_012871,P_012871_R1.fastq.gz,0,1,1,,,
PAFTOL,Magnoliales,Annonaceae,Monoon,erianthoides,P_012873,P_012873_R1.fastq.gz,0,1,1,,,
PAFTOL,Magnoliales,Annonaceae,Mosannona,vasquezii,P_012875,P_012875_R1.fastq.gz,0,1,1,,,
PAFTOL,Magnoliales,Annonaceae,Mwasumbia,alba,P_012877,P_012877_R1.fastq.gz,0,1,1,,,
GAP,Magnoliales,Myristicaceae,Myristica,insipida,GAP_80397,GAP_80397_R1.fastq.gz,0,1,1,,,
PAFTOL,Magnoliales,Myristicaceae,Myristica,lowiana,P_016799,P_016799_R1.fastq.gz,0,1,1,,,
1KP,Magnoliales,Myristicaceae,Myristica,fragrans,OBPL,OBPL.fasta,,0,1,,,
PAFTOL,Magnoliales,Annonaceae,Neo-uvaria,acuminatissima,P_012881,P_012881_R1.fastq.gz,0,1,1,,,
PAFTOL,Laurales,Lauraceae,Neocinnamomum,caudatum,P_018635,P_018635_R1.fastq.gz,0,1,1,,,
PAFTOL,Laurales,Lauraceae,Neolitsea,chui,P_006412,P_006412_R1.fastq.gz,0,1,1,,,
PAFTOL,Magnoliales,Annonaceae,Neostenanthera,myristicifolia,P_012879,P_012879_R1.fastq.gz,0,1,1,,,
PAFTOL,Laurales,Lauraceae,Nothaphoebe,umbelliflora,P_011713,P_011713_R1.fastq.gz,0,1,1,,,
PAFTOL,Magnoliales,Annonaceae,Onychopetalum,periquino,P_012883,P_012883_R1.fastq.gz,0,1,1,,,
PAFTOL,Magnoliales,Annonaceae,Orophea,sp.,P_012885,P_012885_R1.fastq.gz,0,1,1,,,
PAFTOL,Magnoliales,Myristicaceae,Osteophloeum,platyspermum,P_014095,P_014095_R1.fastq.gz,0,1,1,,,
SMDO,Magnoliales,Myristicaceae,Osteophloeum,platyspermum,S08,S08_R1.fastq.gz,0,1,1,,,
PAFTOL,Magnoliales,Myristicaceae,Otoba,novogranatensis,P_016787,P_016787_R1.fastq.gz,0,1,1,,,
SMDO,Magnoliales,Myristicaceae,Otoba,parvifolia,S02,S02_R1.fastq.gz,0,1,1,,,
SMDO,Magnoliales,Myristicaceae,Otoba,parvifolia,S44,S44_R1.fastq.gz,0,1,1,,,
SMDO,Magnoliales,Myristicaceae,Otoba,parvifolia,S39,S39_R1.fastq.gz,1,0,0,,,
PAFTOL,Magnoliales,Annonaceae,Oxandra,asbeckii,P_012887,P_012887_R1.fastq.gz,0,1,1,,,
GAP,Laurales,Monimiaceae,Palmeria,scandens,GAP_80395,GAP_80395_R1.fastq.gz,0,1,1,,,
PAFTOL,Laurales,Lauraceae,Paraia,bracteata,P_011729,P_011729_R1.fastq.gz,0,0,0,Strange position,Yes. Exclude,
PAFTOL,Magnoliales,Myristicaceae,Paramyristica,sepicana,P_007845,P_007845_R1.fastq.gz,0,1,1,,,
PAFTOL,Laurales,Lauraceae,Parasassafras,confertiflora,P_011693,P_011693_R1.fastq.gz,1,0,0,"Strange position, Low data",,"[HS, 15/09/20021: yes still needs to be excluded]"
PAFTOL,Laurales,Monimiaceae,Pendressia,,P_011631,P_011631_R1.fastq.gz,0,1,1,,,
GAP,Piperales,Piperaceae,Peperomia,tetraphylla,GAP_80417,GAP_80417_R1.fastq.gz,0,1,1,,,
1KP,Laurales,Lauraceae,Persea,borbonia,WIGA,WIGA.fasta,,0,1,,,
PAFTOL,Magnoliales,Annonaceae,Phaeanthus,splendens,P_012889,P_012889_R1.fastq.gz,0,1,1,,,
PAFTOL,Laurales,Lauraceae,Phoebe,lanceolata,P_006413,P_006413_R1.fastq.gz,0,1,1,,,
PAFTOL,Laurales,Lauraceae,Phyllostemonodaphne,geminiflora,P_014073,P_014073_R1.fastq.gz,0,1,1,,,
GAP,Piperales,Piperaceae,Piper,hederaceum,GAP_79804,GAP_79804_R1.fastq.gz,0,1,1,Poor GAP metdata,,
PAFTOL,Piperales,Piperaceae,Piper,nigrum,P2590,P2590_R1.fastq.gz,0,1,1,,,
PAFTOL,Magnoliales,Annonaceae,Piptostigma,calophyllum,P_012891,P_012891_R1.fastq.gz,0,1,1,,,
PAFTOL,Canellales,Canellaceae,Pleodendron,costaricense,P_019193,P_019193_R1.fastq.gz,0,1,1,,,
PAFTOL,Laurales,Lauraceae,Pleurothyrium,trianae,P_011607,P_011607_R1.fastq.gz,0,1,1,,,
GAP,Magnoliales,Annonaceae,Polyalthia,johnsonii,GAP_80293,GAP_80293_R1.fastq.gz,0,1,1,,,
PAFTOL,Magnoliales,Annonaceae,Polyalthia,insignis,P_012893,P_012893_R1.fastq.gz,0,1,1,,,
PAFTOL,Magnoliales,Annonaceae,Polyceratocarpus,parviflorus,P_012895,P_012895_R1.fastq.gz,0,1,1,,,
PAFTOL,Magnoliales,Annonaceae,Popowia,alata,P_012897,P_012897_R1.fastq.gz,0,1,1,,,
PAFTOL,Magnoliales,Annonaceae,Porcelia,venezuelensis,P_012899,P_012899_R1.fastq.gz,0,1,1,,,
PAFTOL,Laurales,Lauraceae,Potameia,thouarsii,P_011701,P_011701_R1.fastq.gz,0,1,1,,,
PAFTOL,Piperales,Aristolochiaceae,Prosopanche,americana,P_025527,P_025527_R1.fastq.gz,0,1,1,,,
PAFTOL,Piperales,Aristolochiaceae,Prosopanche,caatingicola,P_025529,P_025529_R1.fastq.gz,1,0,0,Low data,,
PAFTOL,Piperales,Aristolochiaceae,Prosopanche,americana,P_025589,P_025589_R1.fastq.gz,1,0,0,Low data,,
PAFTOL,Piperales,Aristolochiaceae,Prosopanche,caatingicola,P_025591,P_025591_R1.fastq.gz,1,0,0,Low data,,
PAFTOL,Magnoliales,Annonaceae,Pseudephedranthus,enigmaticus,P_012901,P_012901_R1.fastq.gz,0,1,1,,,
SRA,Canellales,Winteraceae,Pseudowintera,colorata,Pcol,Pcol_R1.fastq.gz,0,1,1,,,
PAFTOL,Magnoliales,Annonaceae,Pseudoxandra,angustifolia,P_012903,P_012903_R1.fastq.gz,0,1,1,,,
GAP,Magnoliales,Annonaceae,Pseuduvaria,froggattii,GAP_80294,GAP_80294_R1.fastq.gz,0,1,1,,,
PAFTOL,Magnoliales,Annonaceae,Pseuduvaria,beccarii,P_006420,P_006420_R1.fastq.gz,0,1,1,,,
PAFTOL,Magnoliales,Myristicaceae,Pycnanthus,angolensis,P_018783,P_018783_R1.fastq.gz,0,1,1,,,
PAFTOL,Laurales,Lauraceae,Rhodostemonodaphne,macrocalyx,P_011739,P_011739_R1.fastq.gz,0,1,1,,,
PAFTOL,Magnoliales,Annonaceae,Ruizodendron,ovale,P_012905,P_012905_R1.fastq.gz,0,1,1,,,
PAFTOL,Magnoliales,Annonaceae,Sageraea,lanceolata,P_012907,P_012907_R1.fastq.gz,0,1,1,,,
PAFTOL,Magnoliales,Annonaceae,Sanrafaelia,ruffonammari,P_012909,P_012909_R1.fastq.gz,0,1,1,,,
PAFTOL,Magnoliales,Annonaceae,Sapranthus,viridiflorus,P_012911,P_012911_R1.fastq.gz,0,1,1,,,
PAFTOL,Chloranthales,Chloranthaceae,Sarcandra,glabra,P_018831,P_018831_R1.fastq.gz,0,1,1,,,
1KP,Chloranthales,Chloranthaceae,Sarcandra,glabra,OSHQ,OSHQ.fasta,,0,1,,,
1KP,Piperales,Aristolochiaceae,Saruma,henryi,QDVW,QDVW.fasta,,0,1,,,
1KP,Laurales,Lauraceae,Sassafras,albidum,ABSS,ABSS.fasta,,0,1,,,
PAFTOL,Piperales,Saururaceae,Saururus,chinensis,P2589,P2589_R1.fastq.gz,0,1,1,,,
1KP,Piperales,Saururaceae,Saururus,cernuus,OPDF,OPDF.fasta,,0,1,,,
PAFTOL,Magnoliales,Myristicaceae,Scyphocephalium,mannii,P_018691,P_018691_R1.fastq.gz,0,1,1,,,
PAFTOL,Laurales,Lauraceae,Sextonia,rubra,P_011579,P_011579_R1.fastq.gz,0,1,1,,,
PAFTOL,Laurales,Siparunaceae,Siparuna,guianensis,P2619,P2619_R1.fastq.gz,0,1,1,,,
SRA,Laurales,Siparunaceae,Siparuna,guianensis,Sdec,Sdec_R1.fastq.gz,0,1,1,,,
PAFTOL,Magnoliales,Annonaceae,Sirdavidia,solannona,P_012913,P_012913_R1.fastq.gz,0,1,1,,,
PAFTOL,Laurales,Hernandiaceae,Sparattanthelium,,P_011587,P_011587_R1.fastq.gz,0,1,1,,,
PAFTOL,Magnoliales,Annonaceae,Sphaerocoryne,gracilipes,P_012915,P_012915_R1.fastq.gz,0,1,1,,,
PAFTOL,Magnoliales,Myristicaceae,Staudtia,kamerunensis,P_018695,P_018695_R1.fastq.gz,0,1,1,,,
PAFTOL,Laurales,Monimiaceae,Steganthera,hirsuta,P_007844,P_007844_R1.fastq.gz,0,1,1,,,
PAFTOL,Magnoliales,Annonaceae,Stenanona,humilis,P_012917,P_012917_R1.fastq.gz,0,1,1,,,
PAFTOL,Laurales,Lauraceae,Systemonodaphne,geminiflora,P_011681,P_011681_R1.fastq.gz,0,1,1,,,
PAFTOL,Canellales,Winteraceae,Takhtajania,perrieri,P_016921,P_016921_R1.fastq.gz,0,1,1,,,
PAFTOL,Laurales,Monimiaceae,Tambourissa,amplifolia,P_011509,P_011509_R1.fastq.gz,0,1,1,,,
PAFTOL,Laurales,Monimiaceae,Tambourissa,tau,P_011471,P_011471_R1.fastq.gz,0,0,0,,Exclude.,
PAFTOL,Laurales,Monimiaceae,Tambourissa,ficus,P_011491,P_011491_R1.fastq.gz,0,0,0,,Exclude.,
PAFTOL,Laurales,Monimiaceae,Tambourissa,trichopylla,P_011505,P_011505_R1.fastq.gz,0,0,0,,Exclude.,
GAP,Canellales,Winteraceae,Tasmannia,insipida,GAP_81227,GAP_81227_R1.fastq.gz,0,1,1,,,
PAFTOL,Magnoliales,Annonaceae,Tetrameranthus,duckei,P_012919,P_012919_R1.fastq.gz,0,1,1,,,
PAFTOL,Magnoliales,Annonaceae,Tetrameranthus,laomae,P_012921,P_012921_R1.fastq.gz,0,1,1,,,
PAFTOL,Laurales,Monimiaceae,Tetrasynandra,pubescens,P_011623,P_011623_R1.fastq.gz,0,0,0,Strange position (fixed?),Fixed. Exclude because it will be used in other paper. Elton.,
PAFTOL,Laurales,Monimiaceae,Tetrasynandra,laxiflora,P_011627,P_011627_R1.fastq.gz,0,0,0,Strange position (fixed?),Fixed. Exclude because it will be used in other paper. Elton.,
PAFTOL,Piperales,Aristolochiaceae,Thottea,siliquosa,P_019197,P_019197_R1.fastq.gz,0,1,1,,,
PAFTOL,Magnoliales,Annonaceae,Trigynaea,sp.,P_012923,P_012923_R1.fastq.gz,0,1,1,,,
PAFTOL,Laurales,Lauraceae,Umbellularia,californica,P_011759,P_011759_R1.fastq.gz,0,1,1,,,
PAFTOL,Magnoliales,Annonaceae,Unonopsis,spectabilis,P_012925,P_012925_R1.fastq.gz,0,1,1,,,
PAFTOL,Laurales,Lauraceae,Urbanodendron,verrucosum,P_011745,P_011745_R1.fastq.gz,0,1,1,,,
GAP,Magnoliales,Annonaceae,Uvaria,holtzei,GAP_80295,GAP_80295_R1.fastq.gz,0,1,1,,,
PAFTOL,Magnoliales,Annonaceae,Uvaria,grandiflora,P_012927,P_012927_R1.fastq.gz,0,1,1,,,
1KP,Magnoliales,Annonaceae,Uvaria,microcarpa,PSJT,PSJT.fasta,,0,1,,,
PAFTOL,Magnoliales,Annonaceae,Uvariastrum,pierreannum,P_012929,P_012929_R1.fastq.gz,0,0,0,Remove (TLPC),,
PAFTOL,Magnoliales,Annonaceae,Uvariodendron,molundense_var._citrata,P_012931,P_012931_R1.fastq.gz,0,1,1,,,
PAFTOL,Magnoliales,Annonaceae,Uvariopsis,dioica,P_012933,P_012933_R1.fastq.gz,0,1,1,,,
PAFTOL,Magnoliales,Annonaceae,Uvariopsis,vanderystii,P_012935,P_012935_R1.fastq.gz,0,1,1,,,
PAFTOL,Magnoliales,Myristicaceae,Virola,koschnyi,P_016789,P_016789_R1.fastq.gz,0,1,1,,,
SMDO,Magnoliales,Myristicaceae,Virola,macrocarpa,S04,S04_R1.fastq.gz,0,1,1,,,
SMDO,Magnoliales,Myristicaceae,Virola,officinalis,S06,S06_R1.fastq.gz,0,1,1,,,
SMDO,Magnoliales,Myristicaceae,Virola,sp,S07,S07_R1.fastq.gz,0,1,1,,,
SMDO,Magnoliales,Myristicaceae,Virola,officinalis,S27,S27_R1.fastq.gz,0,1,1,,,
SMDO,Magnoliales,Myristicaceae,Virola,subsessilis,S25,S25_R1.fastq.gz,1,0,0,,,
SRA,Canellales,Canellaceae,Warburgia,salutaris,Wsal,Wsal_R1.fastq.gz,0,1,1,,,
PAFTOL,Laurales,Monimiaceae,Wilkiea,macrophylla,P_007783,P_007783_R1.fastq.gz,0,1,1,,,
GAP,Laurales,Monimiaceae,Wilkiea,angustifolia,GAP_79789,GAP_79789_R1.fastq.gz,1,0,0,Poor GAP metdata,,
PAFTOL,Laurales,Lauraceae,Williamodendron,glaucophyllum,P_008632,P_008632_R1.fastq.gz,0,1,1,,,
PAFTOL,Magnoliales,Annonaceae,Xylopia,amplexicaulis,P_006421,P_006421_R1.fastq.gz,0,1,1,,,
PAFTOL,Magnoliales,Annonaceae,Xylopia,hypolampra,P_012937,P_012937_R1.fastq.gz,0,1,1,,,
PAFTOL,Magnoliales,Annonaceae,Xylopia,peruviana,P_012939,P_012939_R1.fastq.gz,0,1,1,,,
PAFTOL,Laurales,Lauraceae,Yasunia,sessiliflora,P_011589,P_011589_R1.fastq.gz,1,1,1,"Low data, position reasonable",,
PAFTOL,Piperales,Piperaceae,Zippelia,begoniifolia,P_019199,P_019199_R1.fastq.gz,0,1,1,,,
PAFTOL,Canellales,Winteraceae,Zygogynum,crassifolium,P_006410,P_006410_R1.fastq.gz,0,1,1,,,